kmer,importance
AAA,0.00000000
AAC,0.00000000
AAG,0.00000000
AAT,0.00000000
ACA,0.00000000
ACC,0.00000000
ACG,0.00000000
ACT,0.00000000
AGA,0.00000000
AGC,0.00000000
AGG,0.00000000
AGT,0.00000000
ATA,0.00000000
ATC,0.00000000
ATG,0.00000000
ATT,0.00000000
CAA,0.00000000
CAC,0.00000000
CAG,0.00000000
CAT,0.00000000
CCA,0.00000000
CCC,0.00000000
CCG,0.00000000
CCT,0.00000000
CGA,0.00000000
CGC,0.00000000
CGG,0.00000000
CGT,0.00000000
CTA,0.00000000
CTC,0.00000000
CTG,0.00000000
CTT,0.00000000
GAA,0.00000000
GAC,0.00000000
GAG,0.00000000
GAT,0.00000000
GCA,0.00000000
GCC,0.00000000
GCG,0.00000000
GCT,0.00000000
GGA,0.00000000
GGC,0.00000000
GGG,0.00000000
GGT,0.00000000
GTA,0.00000000
GTC,0.00000000
GTG,0.00000000
GTT,0.00000000
TAA,0.00000000
TAC,0.00000000
TAG,0.00000000
TAT,0.00000000
TCA,0.00000000
TCC,0.00000000
TCG,0.00000000
TCT,0.00000000
TGA,0.00000000
TGC,0.00000000
TGG,0.00000000
TGT,0.00000000
TTA,0.00000000
TTC,0.00000000
TTG,0.00000000
TTT,0.00000000
